{"cLa":51.31523326475267,"cLo":9.503281593322765,"z":15,"pLa":51.3152703543766,"pLo":9.499311447143555,"p":[51.31714872961282,9.50991153717041,51.316987794460836,9.508280754089355,51.31296423216914,9.50390338897705,51.30725016739827,9.50265884399414,51.307142854210795,9.4996976852417,51.30797452485006,9.497251510620117,51.308993971523506,9.495320320129395,51.309047625984185,9.488496780395508,51.311086449004534,9.489483833312988,51.31116692700209,9.48544979095459,51.320420955251656,9.484333992004395,51.320528237386135,9.487638473510742,51.32068916011738,9.491758346557617,51.31854347728017,9.499869346618652,51.32106464429478,9.501757621765137,51.32345157897092,9.503302574157715,51.32388067764973,9.506607055664062,51.32353203527898,9.509139060974121,51.321547405149154,9.508967399597168,51.31980407810888,9.507851600646973,51.318918979022044,9.510040283203125]}