{"cLa":51.54002520732776,"cLo":-0.09494972229002752,"z":15,"pLa":51.5190242841893,"pLo":-0.09516477584838867,"p":[51.529211307752696,-0.01064300537109375,51.535728564499074,-0.024193525314331055,51.542084743977405,-0.026242733001708984,51.54582796816274,-0.031800270080566406,51.54687548199569,-0.036928653717041016,51.54992447735131,-0.08866310119628906,51.541197267776624,-0.1252269744873047,51.54453355470096,-0.15784263610839844,51.542131452771685,-0.17586708068847656,51.53572189087825,-0.17703652381896973,51.533170827658815,-0.17403781414031982,51.52343263563175,-0.19461505115032196,51.52460989383485,-0.20153816789388657,51.5182424592866,-0.21032122895121574,51.51539951589915,-0.2227950096130371,51.504632225247875,-0.2178490161895752,51.47290985884941,-0.18157482147216797,51.47014976793463,-0.16506314277648926,51.4614975051063,-0.1609271764755249,51.46134209025472,-0.16263574361801147,51.4595263710855,-0.16185924410820007,51.45962121140349,-0.15713654458522797,51.4524387976104,-0.15142729505896568,51.43748381441912,-0.10511040687561035,51.44238252270458,-0.07259666919708252,51.437960333002884,-0.055916011333465576,51.44177731825084,-0.04112362861633301,51.44135935469206,-0.030185580253601074,51.44463274294872,-0.019848346710205078,51.448142848416,-0.016598179936408997,51.458872928472076,-0.01145973801612854,51.464874722939534,-0.010967552661895752,51.46604942146945,0.0090712308883667,51.4743332787269,0.02575993537902832,51.48442959726599,0.021114349365234375,51.494506981742944,0.02217113971710205,51.50661226218939,0.004774332046508789,51.507981208753606,-0.005643367767333984]}