{"cLa":51.216322117443234,"cLo":4.35382652282716,"z":11,"pLa":51.21387310894595,"pLo":4.425666332244873,"p":[51.17057177525518,4.450106620788574,51.17337013201894,4.434528350830078,51.1726301984281,4.413928985595703,51.172939626646894,4.387707710266113,51.16710050061855,4.351015090942383,51.17310106663241,4.343419075012207,51.19272526640996,4.323205947875977,51.2194378656174,4.306769371032715,51.2281325853311,4.332132339477539,51.227796652941905,4.351315498352051,51.22798477538194,4.3595123291015625,51.236315140913945,4.359855651855469,51.24163503676807,4.385690689086914,51.26586233339003,4.388866424560547,51.267178084818475,4.408221244812012,51.2641168907135,4.419765472412109,51.268198437543276,4.463238716125488,51.260041695359966,4.464236497879028,51.25403230503342,4.459054470062256,51.25379392754435,4.46418821811676,51.24023123511446,4.475501775741577,51.23590873468805,4.490763545036316,51.231585828119115,4.503278732299805,51.22734649969601,4.5189133286476135,51.22162513867433,4.525014013051987,51.21224701905933,4.528024792671204,51.196833319661515,4.515973627567291,51.1883176105286,4.488147050142288,51.16893035237054,4.492592811584473,51.16878235235392,4.468860626220703]}