{"cLa":45.06936250389662,"cLo":7.650132132228475,"z":12,"pLa":45.078202353386786,"pLo":7.674551010131836,"p":[45.04875461409227,7.733044624328613,45.03713712364274,7.725191116333008,45.02096726127542,7.709183692932129,45.00448560521472,7.691717147827148,44.9981814263541,7.67993688583374,44.99865559148732,7.672845125198364,44.99912975269665,7.665066719055176,45.01175996268994,7.637080550193787,45.01923057771599,7.599824666976929,45.03235677948204,7.588017582893372,45.04256902049369,7.550804615020752,45.05098308317493,7.5444625318050385,45.06279100414135,7.5422403216362,45.07217193966392,7.543451339006424,45.081308915063346,7.548782229423523,45.09882115426208,7.574185431003571,45.10712092799698,7.607485055923462,45.137977016822546,7.627177834510803,45.13042351140547,7.695238888263702,45.11465480536736,7.695967108011246,45.11002859248016,7.711801528930664,45.105648109135856,7.718984484672546,45.099328565567795,7.722047567367554,45.09504477436707,7.730296701192856,45.088094408736325,7.730649411678314,45.07855509660714,7.7351313829422,45.072166257010764,7.7358368039131165,45.05850163064315,7.741692066192627]}