{"cLa":51.52001518498395,"cLo":-0.09445619583128728,"z":15,"pLa":51.5190242841893,"pLo":-0.09516477584838867,"p":[51.52564694475233,-0.08797645568847656,51.52531318861156,-0.09072303771972656,51.525046181937526,-0.09274005889892578,51.5247124213932,-0.0942850112915039,51.52412499689336,-0.09640932083129883,51.52336400388765,-0.09849071502685547,51.523203793213284,-0.09943485260009766,51.522829966114465,-0.10050773620605469,51.52254959377643,-0.10207414627075195,51.522576295978254,-0.10376930236816406,51.522189112519584,-0.10655879974365234,51.52165506096798,-0.10660171508789062,51.51970571965518,-0.10561466217041016,51.51839053471576,-0.10537862777709961,51.51704860636998,-0.10509967803955078,51.51405749942946,-0.10462760925292969,51.512882367963435,-0.10424137115478516,51.51197429106741,-0.10432720184326172,51.5121078329227,-0.10211706161499023,51.5121078329227,-0.10169863700866699,51.51202770785652,-0.10080814361572266,51.5119342284345,-0.09926319122314453,51.51184074882071,-0.09746074676513672,51.51182071744993,-0.09669899940490723,51.51190751999299,-0.09593725204467773,51.51213454124674,-0.0949394702911377,51.51209447875476,-0.09469270706176758,51.51150856078401,-0.09481340646743774,51.51096269879989,-0.09491264820098877,51.510710631884194,-0.09300559759140015,51.510485272864756,-0.09129166603088379,51.51169385189717,-0.09078741073608398,51.51066556016945,-0.08587360382080078,51.512428331778096,-0.08473634719848633,51.513403168603595,-0.08403360843658447,51.51456493319096,-0.08350253105163574,51.51419103517789,-0.08608818054199219,51.5148854147594,-0.0853586196899414,51.51520589407308,-0.08458614349365234,51.51630084804891,-0.08368492126464844,51.51755600681087,-0.08304119110107422,51.5176895323032,-0.0844573974609375,51.518116811248134,-0.08419990539550781,51.51875772214974,-0.08625984191894531,51.51913158267739,-0.08600234985351562,51.51953214412285,-0.08570194244384766,51.5198258869438,-0.0856161117553711,51.52027317350952,-0.08527278900146484,51.52181527709107,-0.08460760116577148,51.52464566899074,-0.08413553237915039,51.52465234423543,-0.08580923080444336,51.524578916490505,-0.08752584457397461,51.525193035802005,-0.08756875991821289]}