{"cLa":51.284053654709126,"cLo":9.489012241363536,"z":11,"pLa":51.3152703543766,"pLo":9.499311447143555,"p":[51.33774376809688,9.569993019104004,51.320474596350266,9.564671516418457,51.309959742217906,9.559779167175293,51.29600774734972,9.563469886779785,51.276011440297076,9.52888011932373,51.26856092582059,9.516563415527344,51.26057545238044,9.517260789871216,51.25946429084978,9.486372470855713,51.26454654429181,9.450688362121582,51.2689905378541,9.422460794448853,51.27815911202144,9.405219554901123,51.31666592246312,9.391336441040039,51.3421940842255,9.423050880432129,51.37092307114481,9.448156356811523,51.37676314209241,9.511499404907227,51.36556455262151,9.525865316390991,51.35865113749627,9.550530910491943]}