{"cLa":45.04268438540364,"cLo":7.629876089748007,"z":11,"pLa":45.078202353386786,"pLo":7.674551010131836,"p":[45.065003770643976,7.702145576477051,45.057755125526036,7.693262100219727,45.025577938450155,7.676568031311035,45.00727712586777,7.686395645141602,44.9981814263541,7.67993688583374,44.99865559148732,7.672845125198364,44.99912975269665,7.665066719055176,45.01175996268994,7.637080550193787,45.01923057771599,7.599824666976929,45.03235677948204,7.588017582893372,45.04256902049369,7.550804615020752,45.06279100414135,7.5422403216362,45.08009679674538,7.550155520439148,45.09736705509681,7.574185431003571,45.10712092799698,7.607485055923462,45.137977016822546,7.627177834510803,45.13042351140547,7.695238888263702,45.11465480536736,7.695967108011246,45.11002859248016,7.711801528930664,45.105648109135856,7.718984484672546,45.099328565567795,7.722047567367554,45.09504477436707,7.730296701192856,45.088094408736325,7.7268728613853455,45.08025210084124,7.730324864387512,45.07111116794185,7.728989124298096]}