{"cLa":51.511829766797696,"cLo":-0.08241844177244939,"z":12,"pLa":51.5190242841893,"pLo":-0.09516477584838867,"p":[51.490749516774095,0.0624847412109375,51.50182438201837,0.06976023316383362,51.509477820951204,0.07119923830032349,51.52179024335908,0.07339060306549072,51.53316582216208,0.0722801685333252,51.543350034909935,0.06850630044937134,51.54798135020676,0.04996955394744873,51.55083846897282,0.034182071685791016,51.55697908248922,0.020073652267456055,51.56674698667547,0.005278587341308594,51.57312884009411,-0.012552738189697266,51.58083988442272,-0.031381845474243164,51.578096329435674,-0.08488655090332031,51.57490919735148,-0.10711669921875,51.56361241505257,-0.1334667205810547,51.54453355470096,-0.15784263610839844,51.542131452771685,-0.17586708068847656,51.54084694345929,-0.17943978309631348,51.53936387397609,-0.18433749675750732,51.53752894651811,-0.19118182361125946,51.53422123983168,-0.20531471818685532,51.53020460937452,-0.23710040375590324,51.5181028590266,-0.22685780189931393,51.51539951589915,-0.2227950096130371,51.504632225247875,-0.2178490161895752,51.47290985884941,-0.18157482147216797,51.47014976793463,-0.16506314277648926,51.4614975051063,-0.1609271764755249,51.46134209025472,-0.16263574361801147,51.4595263710855,-0.16185924410820007,51.45962121140349,-0.15713654458522797,51.4524387976104,-0.15142729505896568,51.43748381441912,-0.10511040687561035,51.44238252270458,-0.07259666919708252,51.437960333002884,-0.055916011333465576,51.44177731825084,-0.04112362861633301,51.44135935469206,-0.030185580253601074,51.44463274294872,-0.019848346710205078,51.448142848416,-0.016598179936408997,51.458872928472076,-0.01145973801612854,51.464874722939534,-0.010967552661895752,51.46604942146945,0.0090712308883667,51.4743332787269,0.02575993537902832,51.47438005703009,0.040683746337890625,51.47269934932303,0.05444347858428955,51.48224481247172,0.05936264991760254,51.484683479841934,0.062334537506103516]}