{"cLa":45.06769548612469,"cLo":7.6924037463031825,"z":15,"pLa":45.078202353386786,"pLo":7.674551010131836,"p":[45.065731236813654,7.6990556716918945,45.06406032416719,7.696695327758789,45.0622074863753,7.69442081451416,45.05822879741563,7.691202163696289,45.06102527628176,7.684056758880615,45.064155048412154,7.675023078918457,45.06731495927123,7.677249312400818,45.06677695321389,7.678788900375366,45.07070200787309,7.681610584259033,45.07136878574156,7.6799315214157104,45.07342968633631,7.681299448013306,45.07497531301179,7.6824527978897095,45.07391459332288,7.685022354125977,45.0758162982005,7.686342000961304,45.07477832370114,7.690236568450928]}