{"cLa":51.21301558781941,"cLo":4.4271473884582635,"z":15,"pLa":51.21387310894595,"pLo":4.425666332244873,"p":[51.20844280866403,4.438948631286621,51.20596923119336,4.431953430175781,51.2080260739396,4.4268035888671875,51.21059363760544,4.425301551818848,51.21045921373959,4.421052932739258,51.21021724979225,4.417405128479004,51.21080871497458,4.412083625793457,51.21121198233421,4.409980773925781,51.21191097072505,4.409122467041016,51.21567457198496,4.414272308349609,51.21978729870313,4.416460990905762,51.21865835148318,4.423627853393555,51.21726056894767,4.429206848144531,51.21618532273376,4.4306230545043945,51.214599288730234,4.435644149780273,51.21406163768564,4.438433647155762,51.213819692667364,4.440890550613403,51.21472697993084,4.443902671337128,51.21372896295779,4.445880800485611,51.211924412705564,4.444254040718079,51.20949135032193,4.441094398498535]}